{"cameraMode":{"drawMode":0,"name":"Shaded","section":"Shading Mode"},"sceneLighting":true,"audioPlay":false,"sceneViewState":{"m_AlwaysRefresh":false,"showFog":true,"showSkybox":true,"showFlares":true,"showImageEffects":true,"showParticleSystems":true,"showVisualEffectGraphs":true,"m_FxEnabled":true},"in2DMode":false,"pivot":{"x":-24.642648696899415,"y":14.263707160949707,"z":111.64912414550781},"rotation":{"x":-0.15862643718719483,"y":-0.011258237063884735,"z":0.0018088448559865356,"w":-0.9872728586196899},"size":73.4282455444336,"orthographic":false}